,user_id,user_name,password,email
0,1,김지우,1,cuy39887@cuoly.com
1,2,이민준,2,loi96853@cuoly.com
2,3,박서연,3,kaz03160@eoopy.com
3,4,최강준,4,xwp35125@eoopy.com
4,5,정서윤,5,gtq94800@cuoly.com
5,6,김예준,6,kqn00371@bcaoo.com
6,7,서유진,7,yvq21331@bcaoo.com
7,8,노인호,8,boo04861@eoopy.com
8,9,김민석,9,mpv92133@cuoly.com
9,10,강제니,10,lcg54832@bcaoo.com
10,11,윤채린,11,cdp16926@eoopy.com
11,12,정소민,12,ppi36606@cuoly.com
12,13,박다윤,13,pdy22323@cuoly.com
13,14,노세은,14,tbi13462@cuoly.com
14,15,장도연,15,zkd71659@eoopy.com
15,16,정종목,16,vcm94832@eoopy.com
